j13-7er-host,J13 7er høst,J13,1,2026-08-10,18:30,Aksla 2,Ørskog,Ratvika 1 9er A,7 MOT 7,23213702002,2-12,full,away,209867,
j13-7er-host,J13 7er høst,J13,1,2026-08-20,18:30,Stordal,Sunnylven,Kirkebø stadion 9er A,7 MOT 7,23213702001,3-15,full,home,209867,
j13-7er-host,J13 7er høst,J13,2,2026-08-18,18:30,Ørskog,Stordal,Ørskogbanken 9er,7 MOT 7,23213702003,9-3,full,both,209867,
j13-7er-host,J13 7er høst,J13,2,2026-10-19,18:30,Sunnylven,Sæbø,Hellesylt kunstgras 9er A,7 MOT 7,23213702004,,result_only,,209867,
j13-7er-host,J13 7er høst,J13,3,2026-08-24,18:30,Aksla 2,Sunnylven,Ratvika 1 9er A,7 MOT 7,23213702005,5-3,result_only,,209867,
j13-7er-host,J13 7er høst,J13,3,2026-08-24,18:30,Stordal,Sæbø,Kirkebø stadion 9er A,7 MOT 7,23213702006,4-11,full,home,209867,
j13-7er-host,J13 7er høst,J13,4,2026-08-31,18:30,Sunnylven,Ørskog,Hellesylt kunstgras 9er A,7 MOT 7,23213702008,7-6,full,away,209867,
j13-7er-host,J13 7er høst,J13,4,2026-09-13,17:00,Sæbø,Aksla 2,Sæbø kunstgras 9er A,7 MOT 7,23213702007,2-5,result_only,,209867,
j13-7er-host,J13 7er høst,J13,5,2026-09-08,18:30,Ørskog,Sæbø,Ørskogbanken 9er,7 MOT 7,23213702010,8-4,full,home,209867,
j13-7er-host,J13 7er høst,J13,5,2026-10-15,17:00,Aksla 2,Stordal,Ratvika 2,7 MOT 7,23213702009,,full,away,209867,
j13-7er-host,J13 7er høst,J13,6,2026-09-14,18:30,Ørskog,Aksla 2,Ørskogbanken 9er,7 MOT 7,23213702012,6-5,full,home,209867,
j13-7er-host,J13 7er høst,J13,6,2026-09-14,18:30,Sunnylven,Stordal,Hellesylt kunstgras 9er A,7 MOT 7,23213702011,10-1,full,away,209867,
j13-7er-host,J13 7er høst,J13,7,2026-09-22,18:30,Sæbø,Sunnylven,Sæbø kunstgras 9er A,7 MOT 7,23213702014,4-8,result_only,,209867,
j13-7er-host,J13 7er høst,J13,7,2026-09-30,18:30,Stordal,Ørskog,Kirkebø stadion 9er A,7 MOT 7,23213702013,,full,both,209867,
j13-7er-host,J13 7er høst,J13,8,2026-09-28,18:30,Sunnylven,Aksla 2,Hellesylt kunstgras 9er A,7 MOT 7,23213702015,3-2,result_only,,209867,
j13-7er-host,J13 7er høst,J13,8,2026-09-29,18:30,Sæbø,Stordal,Sæbø kunstgras 9er A,7 MOT 7,23213702016,,full,away,209867,
j13-7er-host,J13 7er høst,J13,9,2026-10-12,18:30,Ørskog,Sunnylven,Ørskogbanken 9er,7 MOT 7,23213702018,,full,home,209867,
j13-7er-host,J13 7er høst,J13,9,2026-10-13,18:30,Aksla 2,Sæbø,Ratvika 2,7 MOT 7,23213702017,,result_only,,209867,
j13-7er-host,J13 7er høst,J13,10,2026-10-20,18:30,Sæbø,Ørskog,Sæbø kunstgras 9er A,7 MOT 7,23213702020,,full,away,209867,
j13-7er-host,J13 7er høst,J13,10,2026-10-20,18:30,Stordal,Aksla 2,Kirkebø stadion 9er A,7 MOT 7,23213702019,,full,home,209867,
